{"initial_reset_timestamp": 1572264110.992379, "timestamps": [1572264118.5275025], "episode_lengths": [500], "episode_rewards": [500.0], "episode_types": ["t"]}